date,regime_code,regime_name_EN,regime_name_FR,growth_state,inflation_state,stress_overlay,global_sync,sahmrealtime,sos,fedfunds,dtwexbgs_3m_pct,brent_yoy_pct,headline_underlying_divergence,thresholds_version,data_quality,global_qualifiers,icsa_4w_ma_yoy_pct,icsa_corroboration_triggered
2003-01-01,8,Transition / Mixed signals,Transition / Signaux mixtes,G_neutral,I_neutral,accommodating,synchronized,0.23,,1.24,,60.5561,True,1.1.0,full,"[""commodity supply/demand shock"", ""acute global market stress""]",-3.3048,False
2003-02-01,8,Transition / Mixed signals,Transition / Signaux mixtes,G_neutral,I_neutral,accommodating,synchronized,0.2,,1.26,,61.5878,True,1.1.0,full,"[""commodity supply/demand shock"", ""elevated market volatility""]",3.0075,False
2003-03-01,8,Transition / Mixed signals,Transition / Signaux mixtes,G_neutral,I_neutral,accommodating,synchronized,0.13,,1.25,,29.1561,False,1.1.0,full,"[""commodity supply/demand shock"", ""elevated market volatility""]",6.4456,False
2003-04-01,8,Transition / Mixed signals,Transition / Signaux mixtes,G_neutral,I_neutral,accommodating,synchronized,0.13,,1.26,,-2.8372,False,1.1.0,full,"[""elevated market volatility""]",-2.5253,False
2003-05-01,8,Transition / Mixed signals,Transition / Signaux mixtes,G_neutral,I_neutral,accommodating,synchronized,0.2,,1.26,,2.0118,False,1.1.0,full,[],3.2396,False
2003-06-01,8,Transition / Mixed signals,Transition / Signaux mixtes,G_neutral,I_neutral,accommodating,synchronized,0.4,,1.22,,14.8256,False,1.1.0,full,[],8.9677,False
2003-07-01,8,Transition / Mixed signals,Transition / Signaux mixtes,G_neutral,I_neutral,accommodating,synchronized,0.47,,1.01,,10.1399,False,1.1.0,full,[],8.8961,False
2003-08-01,8,Transition / Mixed signals,Transition / Signaux mixtes,G_neutral,I_neutral,accommodating,synchronized,0.47,,1.03,,12.1576,False,1.1.0,full,[],1.2706,False
2003-09-01,8,Transition / Mixed signals,Transition / Signaux mixtes,G_neutral,I_neutral,accommodating,synchronized,0.37,,1.01,,-4.5423,False,1.1.0,full,"[""elevated market volatility""]",-1.2939,False
2003-10-01,8,Transition / Mixed signals,Transition / Signaux mixtes,G_neutral,I_neutral,accommodating,synchronized,0.3,,1.01,,7.5163,False,1.1.0,full,[],-6.2577,False
2003-11-01,2,Balanced Expansion,Expansion équilibrée,G_plus,I_neutral,accommodating,synchronized,0.23,,1.0,,18.1183,False,1.1.0,full,[],-7.9545,False
2003-12-01,2,Balanced Expansion,Expansion équilibrée,G_plus,I_neutral,accommodating,synchronized,0.03,,0.98,,5.2241,False,1.1.0,full,[],-11.3231,False
2004-01-01,2,Balanced Expansion,Expansion équilibrée,G_plus,I_neutral,accommodating,synchronized,-0.1,,1.0,,0.3207,False,1.1.0,full,[],-9.8101,False
2004-02-01,2,Balanced Expansion,Expansion équilibrée,G_plus,I_neutral,accommodating,synchronized,-0.1,,1.01,,-5.8285,False,1.1.0,full,[],-10.5231,False
2004-03-01,2,Balanced Expansion,Expansion équilibrée,G_plus,I_neutral,accommodating,synchronized,0.0,,1.0,,9.8661,False,1.1.0,full,[],-19.1064,False
2004-04-01,2,Balanced Expansion,Expansion équilibrée,G_plus,I_neutral,accommodating,synchronized,0.0,,1.0,,34.36,False,1.1.0,full,"[""commodity supply/demand shock""]",-20.1719,False
2004-05-01,2,Balanced Expansion,Expansion équilibrée,G_plus,I_neutral,accommodating,synchronized,0.0,,1.0,,45.2823,True,1.1.0,full,"[""commodity supply/demand shock""]",-20.4263,False
2004-06-01,2,Balanced Expansion,Expansion équilibrée,G_plus,I_neutral,accommodating,synchronized,-0.03,,1.03,,27.2333,False,1.1.0,full,"[""commodity supply/demand shock""]",-17.9988,False
2004-07-01,2,Balanced Expansion,Expansion équilibrée,G_plus,I_neutral,accommodating,synchronized,-0.03,,1.26,,34.8148,False,1.1.0,full,"[""commodity supply/demand shock""]",-16.5249,False
2004-08-01,2,Balanced Expansion,Expansion équilibrée,G_plus,I_neutral,accommodating,synchronized,-0.07,,1.43,,42.991,True,1.1.0,full,"[""commodity supply/demand shock""]",-15.1819,False
2004-09-01,2,Balanced Expansion,Expansion équilibrée,G_plus,I_neutral,accommodating,synchronized,-0.07,,1.61,,59.3508,True,1.1.0,full,"[""commodity supply/demand shock""]",-15.7303,False
2004-10-01,2,Balanced Expansion,Expansion équilibrée,G_plus,I_neutral,accommodating,synchronized,0.0,,1.76,,68.1189,True,1.1.0,full,"[""commodity supply/demand shock""]",-12.4346,False
2004-11-01,2,Balanced Expansion,Expansion équilibrée,G_plus,I_neutral,accommodating,synchronized,0.0,,1.93,,49.9478,True,1.1.0,full,"[""commodity supply/demand shock""]",-10.0137,False
2004-12-01,2,Balanced Expansion,Expansion équilibrée,G_plus,I_neutral,accommodating,synchronized,0.0,,2.16,,32.8413,False,1.1.0,full,"[""commodity supply/demand shock""]",-9.2114,False
2005-01-01,2,Balanced Expansion,Expansion équilibrée,G_plus,I_neutral,accommodating,synchronized,-0.1,,2.28,,42.2954,True,1.1.0,full,"[""commodity supply/demand shock""]",-2.7368,False
2005-02-01,2,Balanced Expansion,Expansion équilibrée,G_plus,I_neutral,accommodating,synchronized,0.0,,2.5,,47.3752,True,1.1.0,full,"[""commodity supply/demand shock""]",-14.0721,False
2005-03-01,2,Balanced Expansion,Expansion équilibrée,G_plus,I_neutral,accommodating,synchronized,-0.07,,2.63,,57.8947,True,1.1.0,full,"[""commodity supply/demand shock""]",-5.5233,False
2005-04-01,2,Balanced Expansion,Expansion équilibrée,G_plus,I_neutral,accommodating,synchronized,0.0,,2.79,,54.4507,True,1.1.0,full,"[""commodity supply/demand shock""]",-7.9684,False
2005-05-01,2,Balanced Expansion,Expansion équilibrée,G_plus,I_neutral,accommodating,synchronized,-0.1,,3.0,,29.4916,False,1.1.0,full,"[""commodity supply/demand shock""]",-3.125,False
2005-06-01,2,Balanced Expansion,Expansion équilibrée,G_plus,I_neutral,accommodating,synchronized,-0.07,,3.04,,54.4912,True,1.1.0,full,"[""commodity supply/demand shock""]",-3.8267,False
2005-07-01,2,Balanced Expansion,Expansion équilibrée,G_plus,I_neutral,accommodating,synchronized,-0.07,,3.26,,50.4971,True,1.1.0,full,"[""commodity supply/demand shock""]",-4.9491,False
2005-08-01,2,Balanced Expansion,Expansion équilibrée,G_plus,I_neutral,accommodating,synchronized,-0.07,,3.5,,49.6958,True,1.1.0,full,"[""commodity supply/demand shock""]",-6.7308,False
2005-09-01,2,Balanced Expansion,Expansion équilibrée,G_plus,I_neutral,accommodating,synchronized,0.03,,3.62,,45.625,True,1.1.0,full,"[""commodity supply/demand shock""]",13.4915,False
2005-10-01,8,Transition / Mixed signals,Transition / Signaux mixtes,G_neutral,I_neutral,accommodating,synchronized,0.03,,3.78,,17.5974,False,1.1.0,full,[],7.5486,False
2005-11-01,8,Transition / Mixed signals,Transition / Signaux mixtes,G_neutral,I_neutral,accommodating,synchronized,0.07,,4.0,,28.1373,False,1.1.0,full,"[""commodity supply/demand shock""]",-2.439,False
2005-12-01,2,Balanced Expansion,Expansion équilibrée,G_plus,I_neutral,accommodating,synchronized,-0.03,,4.16,,43.5859,True,1.1.0,full,"[""commodity supply/demand shock""]",-1.6141,False
2006-01-01,2,Balanced Expansion,Expansion équilibrée,G_plus,I_neutral,accommodating,synchronized,-0.07,,4.29,,41.5188,True,1.1.0,full,"[""commodity supply/demand shock""]",-13.2035,False
2006-02-01,2,Balanced Expansion,Expansion équilibrée,G_plus,I_neutral,accommodating,synchronized,-0.07,,4.49,,32.3879,False,1.1.0,full,"[""commodity supply/demand shock""]",-8.8608,False
2006-03-01,2,Balanced Expansion,Expansion équilibrée,G_plus,I_neutral,accommodating,synchronized,-0.07,,4.59,,16.8738,False,1.1.0,full,[],-9.1114,False
2006-04-01,2,Balanced Expansion,Expansion équilibrée,G_plus,I_neutral,accommodating,synchronized,0.0,,4.79,-1.2973,35.4279,False,1.1.0,full,"[""commodity supply/demand shock""]",-6.6303,False
2006-05-01,8,Transition / Mixed signals,Transition / Signaux mixtes,G_neutral,I_neutral,accommodating,divergent,-0.07,,4.94,-2.0036,43.4327,True,1.1.0,full,"[""commodity supply/demand shock""]",1.5361,False
2006-06-01,8,Transition / Mixed signals,Transition / Signaux mixtes,G_neutral,I_neutral,accommodating,divergent,-0.03,,4.99,-2.2988,26.1454,False,1.1.0,full,"[""commodity supply/demand shock""]",-6.2164,False
2006-07-01,4,Inflationary Pressure,Pression inflationniste,G_neutral,I_plus,accommodating,synchronized,0.03,,5.24,-0.1443,28.0772,False,1.1.0,full,"[""commodity supply/demand shock""]",-1.7611,False
2006-08-01,4,Inflationary Pressure,Pression inflationniste,G_neutral,I_plus,accommodating,divergent,0.07,,5.25,-0.1294,14.4576,False,1.1.0,full,[],-0.5551,False
2006-09-01,4,Inflationary Pressure,Pression inflationniste,G_neutral,I_plus,accommodating,synchronized,0.07,,5.25,-0.1454,-1.5101,False,1.1.0,full,[],-16.917,False
2006-10-01,4,Inflationary Pressure,Pression inflationniste,G_neutral,I_plus,accommodating,synchronized,-0.07,,5.25,-0.6219,-1.247,False,1.1.0,full,[],-13.6206,False
2006-11-01,8,Transition / Mixed signals,Transition / Signaux mixtes,G_neutral,I_neutral,accommodating,synchronized,-0.07,,5.25,-1.0918,6.3722,False,1.1.0,full,[],0.3125,False
2006-12-01,8,Transition / Mixed signals,Transition / Signaux mixtes,G_neutral,I_neutral,accommodating,synchronized,-0.03,,5.24,-1.0949,9.8663,False,1.1.0,full,[],-0.0781,False
2007-01-01,8,Transition / Mixed signals,Transition / Signaux mixtes,G_neutral,I_neutral,accommodating,synchronized,0.07,,5.25,0.5893,-14.7801,False,1.1.0,full,[],8.2294,False
2007-02-01,8,Transition / Mixed signals,Transition / Signaux mixtes,G_neutral,I_neutral,accommodating,synchronized,0.07,,5.26,0.6841,-4.4013,False,1.1.0,full,[],10.8507,False
2007-03-01,4,Inflationary Pressure,Pression inflationniste,G_neutral,I_plus,accommodating,synchronized,0.03,,5.26,-0.7347,-0.0161,False,1.1.0,full,[],2.7341,False
2007-04-01,4,Inflationary Pressure,Pression inflationniste,G_neutral,I_plus,accommodating,synchronized,0.0,,5.25,-3.1925,-3.9425,False,1.1.0,full,"[""dollar weakening (easing global financial conditions)""]",7.5188,False
2007-05-01,8,Transition / Mixed signals,Transition / Signaux mixtes,G_neutral,I_neutral,accommodating,synchronized,0.0,,5.25,-2.9999,-3.683,False,1.1.0,full,[],-8.6233,False
2007-06-01,8,Transition / Mixed signals,Transition / Signaux mixtes,G_neutral,I_neutral,accommodating,synchronized,0.03,,5.25,-2.2623,3.6319,False,1.1.0,full,[],3.0278,False
2007-07-01,8,Transition / Mixed signals,Transition / Signaux mixtes,G_neutral,I_neutral,neutral,divergent,0.07,,5.26,-1.4869,4.4251,False,1.1.0,full,"[""elevated market volatility""]",-1.403,False
2007-08-01,8,Transition / Mixed signals,Transition / Signaux mixtes,G_neutral,I_neutral,neutral,synchronized,0.1,,5.02,-0.6935,-3.3729,False,1.1.0,full,"[""elevated market volatility""]",1.8298,False
2007-09-01,8,Transition / Mixed signals,Transition / Signaux mixtes,G_neutral,I_neutral,neutral,synchronized,0.17,,4.94,-3.3936,24.5481,False,1.1.0,full,"[""dollar weakening (easing global financial conditions)"", ""commodity supply/demand shock""]",-1.7296,False
2007-10-01,8,Transition / Mixed signals,Transition / Signaux mixtes,G_neutral,I_neutral,neutral,synchronized,0.2,,4.76,-4.5892,42.4321,True,1.1.0,full,"[""dollar weakening (easing global financial conditions)"", ""commodity supply/demand shock""]",4.7466,False
2007-11-01,8,Transition / Mixed signals,Transition / Signaux mixtes,G_neutral,I_neutral,neutral,synchronized,0.23,,4.49,-4.3198,57.2668,True,1.1.0,full,"[""dollar weakening (easing global financial conditions)"", ""commodity supply/demand shock"", ""elevated market volatility""]",2.9885,False
2007-12-01,8,Transition / Mixed signals,Transition / Signaux mixtes,G_neutral,I_neutral,restrictive,synchronized,0.4,,4.24,-1.4451,45.5579,True,1.1.0,full,"[""commodity supply/demand shock"", ""elevated market volatility""]",7.975,False
2008-01-01,8,Transition / Mixed signals,Transition / Signaux mixtes,G_neutral,I_neutral,neutral,synchronized,0.4,,3.94,-0.5432,71.7213,True,1.1.0,full,"[""commodity supply/demand shock"", ""elevated market volatility"", ""European systemic stress elevated""]",3.6098,False
2008-02-01,8,Transition / Mixed signals,Transition / Signaux mixtes,G_neutral,I_neutral,restrictive,synchronized,0.43,,2.98,-2.7402,65.0278,True,1.1.0,full,"[""commodity supply/demand shock"", ""elevated market volatility"", ""European systemic stress elevated""]",7.4361,False
2008-03-01,8,Transition / Mixed signals,Transition / Signaux mixtes,G_neutral,I_neutral,restrictive,synchronized,0.47,,2.61,-3.2827,67.0266,True,1.1.0,full,"[""dollar weakening (easing global financial conditions)"", ""commodity supply/demand shock"", ""elevated market volatility"", ""European systemic stress elevated""]",15.3226,True
2008-04-01,6,Slowdown,Ralentissement,G_minus,I_neutral,restrictive,synchronized,0.5,,2.28,-1.9897,61.6091,True,1.1.0,full,"[""commodity supply/demand shock"", ""elevated market volatility"", ""European systemic stress elevated""]",13.0536,False
2008-05-01,6,Slowdown,Ralentissement,G_minus,I_neutral,restrictive,synchronized,0.73,,1.98,-0.7056,82.7109,True,1.1.0,full,"[""commodity supply/demand shock""]",20.9532,True
2008-06-01,6,Slowdown,Ralentissement,G_minus,I_neutral,restrictive,synchronized,0.8,,2.0,0.0854,86.235,True,1.1.0,full,"[""commodity supply/demand shock"", ""elevated market volatility"", ""European systemic stress elevated""]",19.3805,True
2008-07-01,6,Slowdown,Ralentissement,G_minus,I_neutral,restrictive,synchronized,0.97,,2.01,-0.0391,72.5205,True,1.1.0,full,"[""commodity supply/demand shock"", ""elevated market volatility"", ""European systemic stress elevated""]",22.5296,True
2008-08-01,6,Slowdown,Ralentissement,G_minus,I_neutral,restrictive,synchronized,1.1,,2.0,4.0512,60.0339,True,1.1.0,full,"[""dollar strengthening (tighter global financial conditions)"", ""commodity supply/demand shock"", ""elevated market volatility"", ""European systemic stress elevated""]",34.6094,True
2008-09-01,6,Slowdown,Ralentissement,G_minus,I_neutral,restrictive,synchronized,1.27,,1.81,6.472,25.9946,False,1.1.0,full,"[""dollar strengthening (tighter global financial conditions)"", ""commodity supply/demand shock"", ""acute global market stress"", ""European systemic stress elevated""]",45.2,True
2008-10-01,6,Slowdown,Ralentissement,G_minus,I_neutral,acute_stress,synchronized,1.5,,0.97,14.863,-13.0678,False,1.1.0,full,"[""dollar strengthening (tighter global financial conditions)"", ""acute global market stress"", ""European systemic stress elevated""]",44.7829,True
2008-11-01,6,Slowdown,Ralentissement,G_minus,I_neutral,acute_stress,synchronized,1.7,,0.39,12.8698,-43.2421,False,1.1.0,full,"[""dollar strengthening (tighter global financial conditions)"", ""commodity demand destruction"", ""acute global market stress"", ""European systemic stress elevated""]",54.0179,True
2008-12-01,6,Slowdown,Ralentissement,G_minus,I_neutral,acute_stress,synchronized,2.07,,0.16,6.7923,-56.0651,False,1.1.0,full,"[""dollar strengthening (tighter global financial conditions)"", ""commodity demand destruction"", ""acute global market stress"", ""European systemic stress elevated""]",63.0702,True
2009-01-01,6,Slowdown,Ralentissement,G_minus,I_neutral,acute_stress,synchronized,2.37,,0.15,2.3562,-52.8748,False,1.1.0,full,"[""commodity demand destruction"", ""acute global market stress"", ""European systemic stress elevated""]",64.6494,True
2009-02-01,6,Slowdown,Ralentissement,G_minus,I_neutral,acute_stress,synchronized,2.77,,0.22,3.2284,-54.3952,False,1.1.0,full,"[""dollar strengthening (tighter global financial conditions)"", ""commodity demand destruction"", ""acute global market stress"", ""European systemic stress elevated""]",84.0663,True
2009-03-01,6,Slowdown,Ralentissement,G_minus,I_neutral,acute_stress,synchronized,3.13,,0.18,3.7752,-55.0946,False,1.1.0,full,"[""dollar strengthening (tighter global financial conditions)"", ""commodity demand destruction"", ""acute global market stress"", ""European systemic stress elevated""]",83.4965,True
2009-04-01,6,Slowdown,Ralentissement,G_minus,I_neutral,acute_stress,divergent,3.53,,0.15,-1.971,-53.9928,False,1.1.0,full,"[""commodity demand destruction"", ""acute global market stress"", ""European systemic stress elevated""]",75.6701,True
2009-05-01,6,Slowdown,Ralentissement,G_minus,I_neutral,restrictive,synchronized,3.73,,0.18,-9.2067,-53.3388,False,1.1.0,full,"[""dollar weakening (easing global financial conditions)"", ""commodity demand destruction"", ""elevated market volatility"", ""European systemic stress elevated""]",66.644,True
2009-06-01,6,Slowdown,Ralentissement,G_minus,I_neutral,restrictive,synchronized,3.9,,0.21,-5.8607,-48.1484,False,1.1.0,full,"[""dollar weakening (easing global financial conditions)"", ""commodity demand destruction"", ""elevated market volatility"", ""European systemic stress elevated""]",60.0798,True
2009-07-01,6,Slowdown,Ralentissement,G_minus,I_neutral,restrictive,synchronized,3.8,,0.16,-5.8455,-51.4467,False,1.1.0,full,"[""dollar weakening (easing global financial conditions)"", ""commodity demand destruction"", ""elevated market volatility"", ""European systemic stress elevated""]",42.3367,True
2009-08-01,6,Slowdown,Ralentissement,G_minus,I_neutral,neutral,synchronized,3.67,,0.16,-0.68,-35.9679,False,1.1.0,full,"[""commodity demand destruction"", ""elevated market volatility"", ""European systemic stress elevated""]",29.5415,True
2009-09-01,8,Transition / Mixed signals,Transition / Signaux mixtes,G_neutral,I_neutral,neutral,synchronized,3.57,,0.15,-3.3052,-30.4227,False,1.1.0,full,"[""dollar weakening (easing global financial conditions)"", ""commodity demand destruction"", ""elevated market volatility""]",21.2121,True
2009-10-01,8,Transition / Mixed signals,Transition / Signaux mixtes,G_neutral,I_neutral,neutral,synchronized,3.57,,0.12,-1.7314,1.6625,False,1.1.0,full,"[""acute global market stress""]",10.7312,False
2009-11-01,8,Transition / Mixed signals,Transition / Signaux mixtes,G_neutral,I_neutral,neutral,synchronized,3.47,,0.12,-3.4332,46.1582,True,1.1.0,full,"[""dollar weakening (easing global financial conditions)"", ""commodity supply/demand shock"", ""elevated market volatility"", ""European systemic stress elevated""]",-2.2705,False
2009-12-01,8,Transition / Mixed signals,Transition / Signaux mixtes,G_neutral,I_minus,neutral,synchronized,3.07,,0.12,-0.2986,86.383,True,1.1.0,full,"[""commodity supply/demand shock"", ""elevated market volatility"", ""European systemic stress elevated""]",-13.4547,False
2010-01-01,8,Transition / Mixed signals,Transition / Signaux mixtes,G_neutral,I_minus,neutral,synchronized,2.57,,0.11,1.2342,75.3453,True,1.1.0,full,"[""commodity supply/demand shock"", ""elevated market volatility""]",-14.7019,False
2010-02-01,8,Transition / Mixed signals,Transition / Signaux mixtes,G_neutral,I_minus,neutral,synchronized,2.03,,0.13,2.5046,70.2447,True,1.1.0,full,"[""commodity supply/demand shock""]",-23.5801,False
2010-03-01,8,Transition / Mixed signals,Transition / Signaux mixtes,G_neutral,I_minus,neutral,synchronized,1.53,,0.16,-0.0147,69.3812,True,1.1.0,full,"[""commodity supply/demand shock""]",-27.2104,False
2010-04-01,8,Transition / Mixed signals,Transition / Signaux mixtes,G_neutral,I_minus,neutral,synchronized,1.2,,0.2,-0.9828,69.0315,True,1.1.0,full,"[""commodity supply/demand shock"", ""elevated market volatility""]",-25.2887,False
2010-05-01,1,Disinflationary Expansion,Désinflation expansive,G_plus,I_minus,neutral,synchronized,0.8,,0.2,2.8251,32.548,False,1.1.0,full,"[""commodity supply/demand shock"", ""acute global market stress"", ""European systemic stress elevated""]",-25.0306,False
2010-06-01,1,Disinflationary Expansion,Désinflation expansive,G_plus,I_minus,neutral,divergent,0.43,,0.18,3.3313,8.9637,False,1.1.0,full,"[""dollar strengthening (tighter global financial conditions)"", ""acute global market stress"", ""European systemic stress elevated""]",-23.6908,False
2010-07-01,1,Disinflationary Expansion,Désinflation expansive,G_plus,I_minus,neutral,divergent,0.13,,0.18,0.4707,17.2874,False,1.1.0,full,"[""elevated market volatility"", ""European systemic stress elevated""]",-19.6823,False
2010-08-01,8,Transition / Mixed signals,Transition / Signaux mixtes,G_neutral,I_minus,neutral,divergent,0.0,,0.19,-1.6466,6.2474,False,1.1.0,full,"[""elevated market volatility"", ""European systemic stress elevated""]",-14.4713,False
2010-09-01,8,Transition / Mixed signals,Transition / Signaux mixtes,G_neutral,I_minus,neutral,synchronized,0.03,,0.19,-4.8461,15.0628,False,1.1.0,full,"[""dollar weakening (easing global financial conditions)"", ""elevated market volatility"", ""European systemic stress elevated""]",-17.1818,False
2010-10-01,8,Transition / Mixed signals,Transition / Signaux mixtes,G_neutral,I_minus,neutral,synchronized,0.07,,0.19,-3.4153,13.6045,False,1.1.0,full,"[""dollar weakening (easing global financial conditions)"", ""elevated market volatility""]",-15.3919,False
2010-11-01,8,Transition / Mixed signals,Transition / Signaux mixtes,G_neutral,I_minus,neutral,synchronized,0.13,,0.19,-2.7143,11.2445,False,1.1.0,full,"[""elevated market volatility""]",-14.6812,False
2010-12-01,8,Transition / Mixed signals,Transition / Signaux mixtes,G_neutral,I_minus,neutral,synchronized,0.1,,0.18,-0.9053,22.8176,False,1.1.0,full,"[""commodity supply/demand shock"", ""European systemic stress elevated""]",-13.4398,False
2011-01-01,8,Transition / Mixed signals,Transition / Signaux mixtes,G_neutral,I_minus,accommodating,synchronized,-0.13,,0.17,-0.4434,26.7166,False,1.1.0,full,"[""commodity supply/demand shock""]",-9.9317,False
2011-02-01,8,Transition / Mixed signals,Transition / Signaux mixtes,G_neutral,I_minus,accommodating,synchronized,-0.3,,0.16,-3.4838,40.6373,True,1.1.0,full,"[""dollar weakening (easing global financial conditions)"", ""commodity supply/demand shock""]",-15.8893,False
2011-03-01,8,Transition / Mixed signals,Transition / Signaux mixtes,G_neutral,I_minus,accommodating,synchronized,-0.2,,0.14,-2.7451,45.4269,True,1.1.0,full,"[""commodity supply/demand shock""]",-15.7068,False
2011-04-01,8,Transition / Mixed signals,Transition / Signaux mixtes,G_neutral,I_minus,accommodating,synchronized,0.0,,0.1,-4.5645,45.3195,True,1.1.0,full,"[""dollar weakening (easing global financial conditions)"", ""commodity supply/demand shock""]",-12.8465,False
2011-05-01,8,Transition / Mixed signals,Transition / Signaux mixtes,G_neutral,I_minus,accommodating,synchronized,0.07,,0.09,-2.567,51.4022,True,1.1.0,full,"[""commodity supply/demand shock""]",-5.3834,False
2011-06-01,8,Transition / Mixed signals,Transition / Signaux mixtes,G_neutral,I_neutral,accommodating,synchronized,0.2,,0.09,-1.7622,52.2606,True,1.1.0,full,"[""commodity supply/demand shock""]",-9.0414,False
2011-07-01,8,Transition / Mixed signals,Transition / Signaux mixtes,G_neutral,I_neutral,neutral,synchronized,0.23,,0.07,0.1499,54.7632,True,1.1.0,full,"[""commodity supply/demand shock"", ""elevated market volatility"", ""European systemic stress elevated""]",-8.956,False
2011-08-01,8,Transition / Mixed signals,Transition / Signaux mixtes,G_neutral,I_neutral,neutral,synchronized,0.23,,0.1,0.1361,43.0685,True,1.1.0,full,"[""commodity supply/demand shock"", ""acute global market stress"", ""European systemic stress elevated""]",-14.3531,False
2011-09-01,8,Transition / Mixed signals,Transition / Signaux mixtes,G_neutral,I_neutral,neutral,synchronized,0.2,,0.08,6.3845,44.9512,True,1.1.0,full,"[""dollar strengthening (tighter global financial conditions)"", ""commodity supply/demand shock"", ""acute global market stress"", ""European systemic stress elevated""]",-7.8831,False
2011-10-01,8,Transition / Mixed signals,Transition / Signaux mixtes,G_neutral,I_neutral,neutral,synchronized,0.17,,0.07,4.056,32.5148,False,1.1.0,full,"[""dollar strengthening (tighter global financial conditions)"", ""commodity supply/demand shock"", ""elevated market volatility"", ""European systemic stress elevated""]",-9.4329,False
2011-11-01,8,Transition / Mixed signals,Transition / Signaux mixtes,G_neutral,I_neutral,neutral,divergent,0.0,,0.08,5.4151,29.8898,False,1.1.0,full,"[""dollar strengthening (tighter global financial conditions)"", ""commodity supply/demand shock"", ""elevated market volatility"", ""European systemic stress elevated""]",-9.6756,False
2011-12-01,8,Transition / Mixed signals,Transition / Signaux mixtes,G_neutral,I_neutral,neutral,divergent,-0.17,,0.07,0.4635,17.9552,False,1.1.0,full,"[""elevated market volatility"", ""European systemic stress elevated""]",-10.232,False
2012-01-01,8,Transition / Mixed signals,Transition / Signaux mixtes,G_neutral,I_neutral,neutral,synchronized,-0.2,,0.08,1.5117,14.6809,False,1.1.0,full,"[""European systemic stress elevated""]",-11.6103,False
2012-02-01,8,Transition / Mixed signals,Transition / Signaux mixtes,G_neutral,I_neutral,neutral,synchronized,-0.13,,0.1,-1.8848,15.0501,False,1.1.0,full,"[""European systemic stress elevated""]",-11.0299,False
2012-03-01,8,Transition / Mixed signals,Transition / Signaux mixtes,G_neutral,I_neutral,neutral,synchronized,-0.1,,0.13,-2.1281,9.4295,False,1.1.0,full,"[""European systemic stress elevated""]",-9.1749,False
2012-04-01,8,Transition / Mixed signals,Transition / Signaux mixtes,G_neutral,I_neutral,neutral,divergent,-0.07,,0.14,-0.2103,-2.8476,False,1.1.0,full,"[""European systemic stress elevated""]",-7.4618,False
2012-05-01,8,Transition / Mixed signals,Transition / Signaux mixtes,G_neutral,I_neutral,neutral,synchronized,-0.03,,0.16,5.5008,-4.0438,False,1.1.0,full,"[""dollar strengthening (tighter global financial conditions)"", ""elevated market volatility""]",-14.6552,False
2012-06-01,8,Transition / Mixed signals,Transition / Signaux mixtes,G_neutral,I_neutral,neutral,synchronized,0.0,,0.16,2.7087,-16.4017,False,1.1.0,full,"[""European systemic stress elevated""]",-8.9062,False
2012-07-01,8,Transition / Mixed signals,Transition / Signaux mixtes,G_neutral,I_neutral,neutral,synchronized,0.07,,0.16,2.7431,-12.2681,False,1.1.0,full,"[""European systemic stress elevated""]",-10.0785,False
2012-08-01,8,Transition / Mixed signals,Transition / Signaux mixtes,G_neutral,I_neutral,neutral,synchronized,0.03,,0.13,-2.6592,2.8488,False,1.1.0,full,[],-8.8523,False
2012-09-01,8,Transition / Mixed signals,Transition / Signaux mixtes,G_neutral,I_neutral,accommodating,synchronized,-0.1,,0.14,-2.2338,0.0266,False,1.1.0,full,[],-8.2585,False
2012-10-01,8,Transition / Mixed signals,Transition / Signaux mixtes,G_neutral,I_neutral,accommodating,divergent,-0.13,,0.16,-1.8109,1.9717,False,1.1.0,full,[],-7.8735,False
2012-11-01,8,Transition / Mixed signals,Transition / Signaux mixtes,G_neutral,I_neutral,accommodating,synchronized,-0.13,,0.16,-1.1543,-1.5437,False,1.1.0,full,[],3.0829,False
2012-12-01,8,Transition / Mixed signals,Transition / Signaux mixtes,G_neutral,I_neutral,accommodating,synchronized,0.0,,0.16,0.2743,1.5018,False,1.1.0,full,[],-5.0364,False
2013-01-01,8,Transition / Mixed signals,Transition / Signaux mixtes,G_neutral,I_neutral,accommodating,synchronized,0.0,,0.14,-0.3981,2.0508,False,1.1.0,full,[],-7.0627,False
2013-02-01,8,Transition / Mixed signals,Transition / Signaux mixtes,G_neutral,I_neutral,accommodating,synchronized,-0.03,,0.15,1.3075,-2.7487,False,1.1.0,full,[],-1.6438,False
2013-03-01,8,Transition / Mixed signals,Transition / Signaux mixtes,G_neutral,I_neutral,accommodating,synchronized,-0.07,,0.14,1.3379,-13.5353,False,1.1.0,full,[],-6.1695,False
2013-04-01,8,Transition / Mixed signals,Transition / Signaux mixtes,G_neutral,I_neutral,accommodating,synchronized,-0.13,,0.15,0.6345,-14.6138,False,1.1.0,full,[],-5.2875,False
2013-05-01,8,Transition / Mixed signals,Transition / Signaux mixtes,G_neutral,I_minus,accommodating,synchronized,-0.03,,0.11,1.4222,-7.0509,False,1.1.0,full,[],-6.8942,False
2013-06-01,8,Transition / Mixed signals,Transition / Signaux mixtes,G_neutral,I_minus,accommodating,synchronized,0.0,,0.09,2.1697,8.1547,False,1.1.0,full,[],-9.252,False
2013-07-01,8,Transition / Mixed signals,Transition / Signaux mixtes,G_neutral,I_neutral,accommodating,synchronized,-0.03,,0.09,2.4035,5.1744,False,1.1.0,full,[],-6.7114,False
2013-08-01,8,Transition / Mixed signals,Transition / Signaux mixtes,G_neutral,I_neutral,accommodating,synchronized,-0.1,,0.08,1.2248,-1.8349,False,1.1.0,full,[],-10.1139,False
2013-09-01,8,Transition / Mixed signals,Transition / Signaux mixtes,G_neutral,I_neutral,accommodating,synchronized,-0.13,,0.08,-1.4676,-1.1164,False,1.1.0,full,[],-17.6778,False
2013-10-01,8,Transition / Mixed signals,Transition / Signaux mixtes,G_neutral,I_neutral,accommodating,synchronized,-0.03,,0.09,-0.897,-2.3543,False,1.1.0,full,[],-5.3836,False
2013-11-01,2,Balanced Expansion,Expansion équilibrée,G_plus,I_neutral,accommodating,synchronized,-0.1,,0.08,-1.1873,-1.1645,False,1.1.0,full,[],-17.1963,False
2013-12-01,2,Balanced Expansion,Expansion équilibrée,G_plus,I_neutral,accommodating,synchronized,-0.17,,0.09,0.6854,1.1599,False,1.1.0,full,[],-4.8151,False
2014-01-01,8,Transition / Mixed signals,Transition / Signaux mixtes,G_neutral,I_neutral,accommodating,divergent,-0.2,,0.07,2.6382,-4.2847,False,1.1.0,full,[],-7.4363,False
2014-02-01,8,Transition / Mixed signals,Transition / Signaux mixtes,G_neutral,I_neutral,accommodating,divergent,-0.1,,0.07,0.8104,-6.1611,False,1.1.0,full,[],-5.0283,False
2014-03-01,8,Transition / Mixed signals,Transition / Signaux mixtes,G_neutral,I_neutral,accommodating,divergent,0.0,,0.08,0.7328,-0.9127,False,1.1.0,full,[],-7.8757,False
2014-04-01,8,Transition / Mixed signals,Transition / Signaux mixtes,G_neutral,I_neutral,accommodating,divergent,-0.1,,0.09,-1.3531,5.3888,False,1.1.0,full,[],-10.956,False
2014-05-01,2,Balanced Expansion,Expansion équilibrée,G_plus,I_neutral,accommodating,divergent,-0.13,,0.09,-0.6646,6.8058,False,1.1.0,full,[],-9.6334,False
2014-06-01,2,Balanced Expansion,Expansion équilibrée,G_plus,I_neutral,accommodating,divergent,-0.2,,0.1,-1.1008,8.6281,False,1.1.0,full,[],-9.0383,False
2014-07-01,2,Balanced Expansion,Expansion équilibrée,G_plus,I_neutral,accommodating,divergent,-0.03,,0.09,0.5934,-1.0748,False,1.1.0,full,[],-12.8058,False
2014-08-01,2,Balanced Expansion,Expansion équilibrée,G_plus,I_neutral,accommodating,divergent,-0.07,,0.09,1.0287,-8.6898,False,1.1.0,full,[],-10.0596,False
2014-09-01,8,Transition / Mixed signals,Transition / Signaux mixtes,G_neutral,I_neutral,accommodating,divergent,-0.07,,0.09,4.6352,-13.0018,False,1.1.0,full,"[""dollar strengthening (tighter global financial conditions)""]",-5.4675,False
2014-10-01,8,Transition / Mixed signals,Transition / Signaux mixtes,G_neutral,I_neutral,accommodating,synchronized,-0.13,,0.09,3.8854,-19.8478,False,1.1.0,full,"[""dollar strengthening (tighter global financial conditions)""]",-19.4561,False
2014-11-01,8,Transition / Mixed signals,Transition / Signaux mixtes,G_neutral,I_neutral,accommodating,synchronized,-0.1,,0.09,5.6445,-26.3011,False,1.1.0,full,"[""dollar strengthening (tighter global financial conditions)"", ""commodity demand destruction""]",-12.1896,False
2014-12-01,2,Balanced Expansion,Expansion équilibrée,G_plus,I_neutral,accommodating,synchronized,-0.1,,0.12,4.8789,-43.7161,False,1.1.0,full,"[""dollar strengthening (tighter global financial conditions)"", ""commodity demand destruction""]",-16.129,False
2015-01-01,2,Balanced Expansion,Expansion équilibrée,G_plus,I_neutral,accommodating,synchronized,0.0,,0.11,7.6156,-55.8269,False,1.1.0,full,"[""dollar strengthening (tighter global financial conditions)"", ""commodity demand destruction"", ""elevated market volatility""]",-11.4767,False
2015-02-01,8,Transition / Mixed signals,Transition / Signaux mixtes,G_neutral,I_neutral,accommodating,synchronized,-0.1,,0.11,5.5222,-46.6483,False,1.1.0,full,"[""dollar strengthening (tighter global financial conditions)"", ""commodity demand destruction""]",-12.8262,False
2015-03-01,8,Transition / Mixed signals,Transition / Signaux mixtes,G_neutral,I_neutral,accommodating,synchronized,-0.03,,0.11,5.0402,-47.9996,False,1.1.0,full,"[""dollar strengthening (tighter global financial conditions)"", ""commodity demand destruction""]",-7.1373,False
2015-04-01,8,Transition / Mixed signals,Transition / Signaux mixtes,G_neutral,I_neutral,accommodating,synchronized,-0.1,,0.12,-0.2618,-44.7661,False,1.1.0,full,"[""commodity demand destruction""]",-10.3448,False
2015-05-01,8,Transition / Mixed signals,Transition / Signaux mixtes,G_neutral,I_neutral,accommodating,synchronized,0.0,,0.12,1.0802,-41.5008,False,1.1.0,full,"[""commodity demand destruction""]",-12.8878,False
2015-06-01,8,Transition / Mixed signals,Transition / Signaux mixtes,G_neutral,I_neutral,accommodating,synchronized,-0.07,,0.13,-0.8568,-45.0089,False,1.1.0,full,"[""commodity demand destruction""]",-12.9571,False
2015-07-01,8,Transition / Mixed signals,Transition / Signaux mixtes,G_neutral,I_neutral,accommodating,synchronized,-0.03,,0.13,3.2949,-47.0263,False,1.1.0,full,"[""dollar strengthening (tighter global financial conditions)"", ""commodity demand destruction""]",-7.9536,False
2015-08-01,8,Transition / Mixed signals,Transition / Signaux mixtes,G_neutral,I_neutral,neutral,synchronized,-0.13,,0.14,3.5819,-54.2171,False,1.1.0,full,"[""dollar strengthening (tighter global financial conditions)"", ""commodity demand destruction"", ""elevated market volatility""]",-9.1135,False
2015-09-01,8,Transition / Mixed signals,Transition / Signaux mixtes,G_neutral,I_neutral,neutral,synchronized,-0.07,,0.14,4.5175,-50.9527,False,1.1.0,full,"[""dollar strengthening (tighter global financial conditions)"", ""commodity demand destruction"", ""elevated market volatility"", ""European systemic stress elevated""]",-9.0528,False
2015-10-01,8,Transition / Mixed signals,Transition / Signaux mixtes,G_neutral,I_neutral,neutral,synchronized,-0.1,,0.12,1.3109,-44.6071,False,1.1.0,full,"[""commodity demand destruction""]",-8.2251,False
2015-11-01,8,Transition / Mixed signals,Transition / Signaux mixtes,G_neutral,I_neutral,neutral,synchronized,-0.03,,0.12,1.6081,-44.2724,False,1.1.0,full,"[""commodity demand destruction""]",-7.1123,False
2015-12-01,8,Transition / Mixed signals,Transition / Signaux mixtes,G_neutral,I_minus,neutral,synchronized,-0.03,,0.24,1.807,-39.0279,False,1.1.0,full,"[""commodity demand destruction""]",-6.2063,False
2016-01-01,8,Transition / Mixed signals,Transition / Signaux mixtes,G_neutral,I_minus,neutral,synchronized,-0.03,,0.34,4.8683,-35.7203,False,1.1.0,full,"[""dollar strengthening (tighter global financial conditions)"", ""commodity demand destruction"", ""elevated market volatility""]",-3.5436,False
2016-02-01,8,Transition / Mixed signals,Transition / Signaux mixtes,G_neutral,I_neutral,neutral,synchronized,-0.03,,0.38,1.6929,-44.6127,False,1.1.0,full,"[""commodity demand destruction"", ""elevated market volatility"", ""European systemic stress elevated""]",-7.6133,False
2016-03-01,8,Transition / Mixed signals,Transition / Signaux mixtes,G_neutral,I_neutral,neutral,synchronized,0.0,,0.36,-3.0207,-31.6336,False,1.1.0,full,"[""dollar weakening (easing global financial conditions)"", ""commodity demand destruction""]",-11.2331,False
2016-04-01,8,Transition / Mixed signals,Transition / Signaux mixtes,G_neutral,I_neutral,neutral,synchronized,0.03,,0.37,-5.8367,-30.1411,False,1.1.0,full,"[""dollar weakening (easing global financial conditions)"", ""commodity demand destruction""]",-8.042,False
2016-05-01,8,Transition / Mixed signals,Transition / Signaux mixtes,G_neutral,I_neutral,neutral,synchronized,-0.03,,0.37,-1.588,-27.0599,False,1.1.0,full,"[""commodity demand destruction""]",1.6438,False
2016-06-01,8,Transition / Mixed signals,Transition / Signaux mixtes,G_neutral,I_neutral,neutral,divergent,-0.03,,0.38,2.0403,-21.5192,False,1.1.0,full,"[""commodity demand destruction""]",-3.0137,False
2016-07-01,8,Transition / Mixed signals,Transition / Signaux mixtes,G_neutral,I_neutral,neutral,synchronized,-0.03,,0.39,2.7995,-20.5269,False,1.1.0,full,"[""commodity demand destruction"", ""European systemic stress elevated""]",-7.2007,False
2016-08-01,8,Transition / Mixed signals,Transition / Signaux mixtes,G_neutral,I_neutral,neutral,synchronized,0.07,,0.4,-0.0213,-1.4617,False,1.1.0,full,[],-3.464,False
2016-09-01,8,Transition / Mixed signals,Transition / Signaux mixtes,G_neutral,I_neutral,neutral,synchronized,0.1,,0.4,0.1049,-2.205,False,1.1.0,full,[],-6.679,False
2016-10-01,8,Transition / Mixed signals,Transition / Signaux mixtes,G_neutral,I_neutral,neutral,synchronized,0.1,,0.4,1.9172,2.2507,False,1.1.0,full,[],-4.3396,False
2016-11-01,8,Transition / Mixed signals,Transition / Signaux mixtes,G_neutral,I_neutral,neutral,synchronized,0.0,,0.41,4.7685,1.0391,False,1.1.0,full,"[""dollar strengthening (tighter global financial conditions)""]",-8.3948,False
2016-12-01,8,Transition / Mixed signals,Transition / Signaux mixtes,G_neutral,I_neutral,neutral,synchronized,-0.07,,0.54,5.4036,40.2526,True,1.1.0,full,"[""dollar strengthening (tighter global financial conditions)"", ""commodity supply/demand shock""]",-6.1808,False
2017-01-01,8,Transition / Mixed signals,Transition / Signaux mixtes,G_neutral,I_neutral,neutral,synchronized,0.0,,0.65,1.9342,77.785,True,1.1.0,full,"[""commodity supply/demand shock""]",-12.276,False
2017-02-01,8,Transition / Mixed signals,Transition / Signaux mixtes,G_neutral,I_neutral,neutral,synchronized,0.03,,0.66,-1.4949,70.5096,True,1.1.0,full,"[""commodity supply/demand shock""]",-12.8704,False
2017-03-01,8,Transition / Mixed signals,Transition / Signaux mixtes,G_neutral,I_neutral,neutral,synchronized,-0.03,,0.79,-3.002,35.017,False,1.1.0,full,"[""dollar weakening (easing global financial conditions)"", ""commodity supply/demand shock""]",-11.2061,False
2017-04-01,8,Transition / Mixed signals,Transition / Signaux mixtes,G_neutral,I_neutral,accommodating,synchronized,-0.13,,0.9,-1.2359,25.8057,False,1.1.0,full,"[""commodity supply/demand shock""]",-13.7833,False
2017-05-01,8,Transition / Mixed signals,Transition / Signaux mixtes,G_neutral,I_neutral,accommodating,synchronized,-0.13,,0.91,-2.3341,7.6808,False,1.1.0,full,[],-15.9928,False
2017-06-01,2,Balanced Expansion,Expansion équilibrée,G_plus,I_neutral,accommodating,synchronized,-0.03,,1.04,-2.4428,-3.8964,False,1.1.0,full,[],-6.5033,False
2017-07-01,2,Balanced Expansion,Expansion équilibrée,G_plus,I_neutral,accommodating,synchronized,-0.03,,1.15,-4.3297,7.8532,False,1.1.0,full,"[""dollar weakening (easing global financial conditions)""]",-2.1339,False
2017-08-01,8,Transition / Mixed signals,Transition / Signaux mixtes,G_neutral,I_neutral,accommodating,synchronized,0.03,,1.16,-3.4662,12.7836,False,1.1.0,full,"[""dollar weakening (easing global financial conditions)""]",-6.61,False
2017-09-01,8,Transition / Mixed signals,Transition / Signaux mixtes,G_neutral,I_neutral,accommodating,synchronized,-0.03,,1.15,-1.6992,20.5712,False,1.1.0,full,"[""commodity supply/demand shock""]",9.5427,False
2017-10-01,8,Transition / Mixed signals,Transition / Signaux mixtes,G_neutral,I_neutral,accommodating,synchronized,-0.07,,1.15,1.8098,16.1349,False,1.1.0,full,[],-2.5641,False
2017-11-01,2,Balanced Expansion,Expansion équilibrée,G_plus,I_neutral,accommodating,synchronized,-0.1,,1.16,1.0023,40.1967,True,1.1.0,full,"[""commodity supply/demand shock""]",-0.4028,False
2017-12-01,2,Balanced Expansion,Expansion équilibrée,G_plus,I_neutral,accommodating,synchronized,-0.03,,1.3,-0.0076,20.7466,False,1.1.0,full,"[""commodity supply/demand shock""]",-5.1131,False
2018-01-01,2,Balanced Expansion,Expansion équilibrée,G_plus,I_neutral,accommodating,synchronized,0.0,,1.41,-4.5039,26.5665,False,1.1.0,full,"[""dollar weakening (easing global financial conditions)"", ""commodity supply/demand shock""]",-1.8386,False
2018-02-01,2,Balanced Expansion,Expansion équilibrée,G_plus,I_neutral,accommodating,synchronized,0.0,,1.42,-1.878,19.045,False,1.1.0,full,[],-4.7821,False
2018-03-01,2,Balanced Expansion,Expansion équilibrée,G_plus,I_neutral,accommodating,synchronized,0.0,,1.51,-2.3619,27.9705,False,1.1.0,full,"[""commodity supply/demand shock""]",-4.0642,False
2018-04-01,2,Balanced Expansion,Expansion équilibrée,G_plus,I_neutral,accommodating,divergent,-0.07,,1.69,2.404,37.8513,False,1.1.0,full,"[""commodity supply/demand shock""]",0.2205,False
2018-05-01,2,Balanced Expansion,Expansion équilibrée,G_plus,I_neutral,accommodating,divergent,-0.1,,1.7,3.3205,52.9505,True,1.1.0,full,"[""dollar strengthening (tighter global financial conditions)"", ""commodity supply/demand shock""]",-6.738,False
2018-06-01,2,Balanced Expansion,Expansion équilibrée,G_plus,I_neutral,accommodating,synchronized,-0.03,,1.82,5.378,60.4701,True,1.1.0,full,"[""dollar strengthening (tighter global financial conditions)"", ""commodity supply/demand shock""]",-10.7863,False
2018-07-01,2,Balanced Expansion,Expansion équilibrée,G_plus,I_neutral,accommodating,synchronized,0.0,,1.91,3.1038,53.1559,True,1.1.0,full,"[""dollar strengthening (tighter global financial conditions)"", ""commodity supply/demand shock""]",-14.8662,False
2018-08-01,2,Balanced Expansion,Expansion équilibrée,G_plus,I_neutral,accommodating,synchronized,0.03,,1.91,2.0414,40.2901,True,1.1.0,full,"[""commodity supply/demand shock""]",-15.8426,False
2018-09-01,2,Balanced Expansion,Expansion équilibrée,G_plus,I_neutral,accommodating,synchronized,-0.07,,1.95,0.4848,40.4987,True,1.1.0,full,"[""commodity supply/demand shock""]",-25.9528,False
2018-10-01,2,Balanced Expansion,Expansion équilibrée,G_plus,I_neutral,accommodating,synchronized,-0.07,,2.19,3.3693,40.8972,True,1.1.0,full,"[""dollar strengthening (tighter global financial conditions)"", ""commodity supply/demand shock"", ""elevated market volatility""]",-14.3725,False
2018-11-01,8,Transition / Mixed signals,Transition / Signaux mixtes,G_neutral,I_neutral,neutral,synchronized,-0.07,,2.2,1.8705,3.2531,False,1.1.0,full,[],-9.0817,False
2018-12-01,8,Transition / Mixed signals,Transition / Signaux mixtes,G_neutral,I_neutral,neutral,synchronized,0.07,,2.27,1.5462,-10.8902,False,1.1.0,full,"[""elevated market volatility""]",-8.2902,False
2019-01-01,8,Transition / Mixed signals,Transition / Signaux mixtes,G_neutral,I_neutral,neutral,synchronized,0.13,,2.4,-2.5553,-13.9983,False,1.1.0,full,[],-6.8678,False
2019-02-01,8,Transition / Mixed signals,Transition / Signaux mixtes,G_neutral,I_neutral,accommodating,synchronized,0.17,,2.4,-1.9018,-2.0821,False,1.1.0,full,[],0.7812,False
2019-03-01,8,Transition / Mixed signals,Transition / Signaux mixtes,G_neutral,I_neutral,accommodating,synchronized,0.13,,2.41,-0.3723,0.1818,False,1.1.0,full,[],-4.5708,False
2019-04-01,8,Transition / Mixed signals,Transition / Signaux mixtes,G_neutral,I_neutral,accommodating,synchronized,0.0,,2.42,1.5656,-1.2204,False,1.1.0,full,[],-10.011,False
2019-05-01,8,Transition / Mixed signals,Transition / Signaux mixtes,G_neutral,I_neutral,accommodating,synchronized,-0.07,,2.39,2.2139,-7.3526,False,1.1.0,full,[],-1.2429,False
2019-06-01,8,Transition / Mixed signals,Transition / Signaux mixtes,G_neutral,I_neutral,accommodating,synchronized,-0.03,,2.38,-0.482,-13.6944,False,1.1.0,full,[],1.6949,False
2019-07-01,8,Transition / Mixed signals,Transition / Signaux mixtes,G_neutral,I_neutral,accommodating,synchronized,0.03,,2.4,0.1444,-13.9125,False,1.1.0,full,[],-0.5821,False
2019-08-01,8,Transition / Mixed signals,Transition / Signaux mixtes,G_neutral,I_neutral,accommodating,synchronized,0.07,,2.13,1.2252,-18.5992,False,1.1.0,full,[],0.7194,False
2019-09-01,8,Transition / Mixed signals,Transition / Signaux mixtes,G_neutral,I_neutral,accommodating,synchronized,0.0,,2.04,2.9359,-20.3575,False,1.1.0,full,"[""commodity demand destruction""]",2.6961,False
2019-10-01,8,Transition / Mixed signals,Transition / Signaux mixtes,G_neutral,I_neutral,accommodating,divergent,-0.03,,1.83,0.3618,-26.3112,False,1.1.0,full,"[""commodity demand destruction""]",0.3546,False
2019-11-01,8,Transition / Mixed signals,Transition / Signaux mixtes,G_neutral,I_neutral,accommodating,synchronized,-0.07,,1.55,-0.8777,-2.3784,False,1.1.0,full,[],-1.1099,False
2019-12-01,8,Transition / Mixed signals,Transition / Signaux mixtes,G_neutral,I_neutral,accommodating,synchronized,0.0,,1.55,-2.7785,17.3466,False,1.1.0,full,[],6.6667,False
2020-01-01,8,Transition / Mixed signals,Transition / Signaux mixtes,G_neutral,I_neutral,accommodating,synchronized,0.0,,1.55,-0.1536,7.1368,False,1.1.0,full,[],-3.2548,False
2020-02-01,8,Transition / Mixed signals,Transition / Signaux mixtes,G_neutral,I_neutral,neutral,synchronized,0.0,,1.58,0.458,-12.9769,False,1.1.0,full,"[""acute global market stress""]",-6.0674,False
2020-03-01,8,Transition / Mixed signals,Transition / Signaux mixtes,G_neutral,I_neutral,neutral,synchronized,0.3,,0.65,6.8555,-51.6027,False,1.1.0,full,"[""dollar strengthening (tighter global financial conditions)"", ""commodity demand destruction"", ""acute global market stress"", ""European systemic stress elevated""]",321.729,True
2020-04-01,6,Slowdown,Ralentissement,G_minus,I_neutral,neutral,synchronized,4.0,,0.05,5.6962,-74.1963,False,1.1.0,full,"[""dollar strengthening (tighter global financial conditions)"", ""commodity demand destruction"", ""acute global market stress"", ""European systemic stress elevated""]",2485.9413,True
2020-05-01,6,Slowdown,Ralentissement,G_minus,I_neutral,neutral,synchronized,7.27,,0.05,2.7954,-58.8054,False,1.1.0,full,"[""commodity demand destruction"", ""elevated market volatility"", ""European systemic stress elevated""]",955.8352,True
2020-06-01,6,Slowdown,Ralentissement,G_minus,I_neutral,neutral,synchronized,9.5,,0.08,-1.6855,-37.2937,False,1.1.0,full,"[""commodity demand destruction"", ""acute global market stress""]",583.7778,True
2020-07-01,6,Slowdown,Ralentissement,G_minus,I_neutral,neutral,synchronized,8.0,,0.09,-4.1845,-32.3529,False,1.1.0,full,"[""dollar weakening (easing global financial conditions)"", ""commodity demand destruction"", ""elevated market volatility""]",563.5492,True
2020-08-01,2,Balanced Expansion,Expansion équilibrée,G_plus,I_neutral,neutral,synchronized,6.37,,0.1,-4.2889,-24.2209,False,1.1.0,full,"[""dollar weakening (easing global financial conditions)"", ""commodity demand destruction"", ""elevated market volatility""]",344.1667,True
2020-09-01,2,Balanced Expansion,Expansion équilibrée,G_plus,I_neutral,neutral,synchronized,5.3,,0.09,-2.9211,-34.8878,False,1.1.0,full,"[""commodity demand destruction"", ""elevated market volatility""]",316.8258,True
2020-10-01,2,Balanced Expansion,Expansion équilibrée,G_plus,I_neutral,neutral,synchronized,4.2,,0.09,-0.9153,-32.6913,False,1.1.0,full,"[""commodity demand destruction"", ""acute global market stress""]",277.3852,True
2020-11-01,2,Balanced Expansion,Expansion équilibrée,G_plus,I_neutral,accommodating,synchronized,3.63,,0.09,-2.1882,-32.4632,False,1.1.0,full,"[""commodity demand destruction"", ""elevated market volatility""]",241.3019,True
2020-12-01,2,Balanced Expansion,Expansion équilibrée,G_plus,I_neutral,accommodating,synchronized,3.23,,0.09,-4.8134,-25.7317,False,1.1.0,full,"[""dollar weakening (easing global financial conditions)"", ""commodity demand destruction"", ""elevated market volatility""]",250.7415,True
2021-01-01,2,Balanced Expansion,Expansion équilibrée,G_plus,I_neutral,accommodating,synchronized,3.03,,0.09,-3.6029,-13.9513,False,1.1.0,full,"[""dollar weakening (easing global financial conditions)"", ""acute global market stress""]",287.007,True
2021-02-01,2,Balanced Expansion,Expansion équilibrée,G_plus,I_neutral,accommodating,synchronized,2.87,,0.08,-0.3489,11.8936,False,1.1.0,full,"[""elevated market volatility""]",273.0861,True
2021-03-01,2,Balanced Expansion,Expansion équilibrée,G_plus,I_neutral,accommodating,synchronized,2.33,,0.07,2.2517,104.3424,True,1.1.0,full,"[""commodity supply/demand shock""]",-24.5706,False
2021-04-01,2,Balanced Expansion,Expansion équilibrée,G_plus,I_neutral,accommodating,synchronized,-0.07,,0.07,0.1186,252.6115,True,1.1.0,full,"[""commodity supply/demand shock""]",-87.3693,False
2021-05-01,2,Balanced Expansion,Expansion équilibrée,G_plus,I_neutral,accommodating,synchronized,-0.13,,0.06,-1.8373,133.2539,True,1.1.0,full,"[""commodity supply/demand shock""]",-79.2046,False
2021-06-01,2,Balanced Expansion,Expansion équilibrée,G_plus,I_neutral,accommodating,synchronized,-0.03,,0.08,-1.1159,81.6737,True,1.1.0,full,"[""commodity supply/demand shock""]",-72.4244,False
2021-07-01,2,Balanced Expansion,Expansion équilibrée,G_plus,I_neutral,accommodating,synchronized,-0.23,,0.1,0.5242,73.8437,True,1.1.0,full,"[""commodity supply/demand shock""]",-73.4189,False
2021-08-01,2,Balanced Expansion,Expansion équilibrée,G_plus,I_neutral,accommodating,divergent,-0.2,,0.09,2.1218,58.1359,True,1.1.0,full,"[""commodity supply/demand shock""]",-60.7344,False
2021-09-01,2,Balanced Expansion,Expansion équilibrée,G_plus,I_neutral,accommodating,synchronized,-0.37,,0.08,1.8542,82.0826,True,1.1.0,full,"[""commodity supply/demand shock"", ""elevated market volatility""]",-60.0057,False
2021-10-01,2,Balanced Expansion,Expansion équilibrée,G_plus,I_neutral,accommodating,synchronized,-0.27,,0.08,1.2989,107.8627,True,1.1.0,full,"[""commodity supply/demand shock""]",-63.764,False
2021-11-01,3,Overheating,Surchauffe,G_plus,I_plus,accommodating,synchronized,-0.33,,0.08,2.7403,89.8571,False,1.1.0,full,"[""commodity supply/demand shock"", ""elevated market volatility""]",-67.5765,False
2021-12-01,3,Overheating,Surchauffe,G_plus,I_plus,accommodating,synchronized,-0.27,,0.08,0.5606,48.3697,False,1.1.0,full,"[""commodity supply/demand shock""]",-74.156,False
2022-01-01,3,Overheating,Surchauffe,G_plus,I_plus,accommodating,synchronized,-0.2,,0.08,1.2539,57.9514,False,1.1.0,full,"[""commodity supply/demand shock"", ""elevated market volatility""]",-71.0731,False
2022-02-01,3,Overheating,Surchauffe,G_plus,I_plus,neutral,synchronized,-0.13,,0.08,-0.8474,55.957,False,1.1.0,full,"[""commodity supply/demand shock"", ""acute global market stress""]",-71.1767,False
2022-03-01,3,Overheating,Surchauffe,G_plus,I_plus,neutral,synchronized,-0.1,,0.2,-0.0531,79.2539,False,1.1.0,full,"[""commodity supply/demand shock"", ""elevated market volatility"", ""European systemic stress elevated""]",-68.6375,False
2022-04-01,3,Overheating,Surchauffe,G_plus,I_plus,neutral,synchronized,-0.13,,0.33,3.3983,61.364,False,1.1.0,full,"[""dollar strengthening (tighter global financial conditions)"", ""commodity supply/demand shock"", ""acute global market stress""]",-64.0492,False
2022-05-01,3,Overheating,Surchauffe,G_plus,I_plus,neutral,synchronized,-0.07,,0.77,2.4717,65.3874,False,1.1.0,full,"[""commodity supply/demand shock"", ""elevated market volatility"", ""European systemic stress elevated""]",-55.2892,False
2022-06-01,4,Inflationary Pressure,Pression inflationniste,G_neutral,I_plus,neutral,synchronized,0.0,,1.21,4.9846,67.7283,False,1.1.0,full,"[""dollar strengthening (tighter global financial conditions)"", ""commodity supply/demand shock"", ""elevated market volatility"", ""European systemic stress elevated""]",-50.6777,False
2022-07-01,4,Inflationary Pressure,Pression inflationniste,G_neutral,I_plus,neutral,synchronized,-0.03,,1.68,1.9035,48.9025,False,1.1.0,full,"[""commodity supply/demand shock"", ""elevated market volatility"", ""European systemic stress elevated""]",-41.3324,False
2022-08-01,4,Inflationary Pressure,Pression inflationniste,G_neutral,I_plus,neutral,synchronized,0.03,,2.33,4.6283,41.9788,False,1.1.0,full,"[""dollar strengthening (tighter global financial conditions)"", ""commodity supply/demand shock"", ""elevated market volatility"", ""European systemic stress elevated""]",-39.6587,False
2022-09-01,4,Inflationary Pressure,Pression inflationniste,G_neutral,I_plus,neutral,synchronized,0.0,,2.56,5.4144,20.4994,False,1.1.0,full,"[""dollar strengthening (tighter global financial conditions)"", ""commodity supply/demand shock"", ""acute global market stress"", ""European systemic stress elevated""]",-44.327,False
2022-10-01,4,Inflationary Pressure,Pression inflationniste,G_neutral,I_plus,neutral,synchronized,0.07,,3.08,4.8076,11.7189,False,1.1.0,full,"[""dollar strengthening (tighter global financial conditions)"", ""elevated market volatility"", ""European systemic stress elevated""]",-30.1464,False
2022-11-01,4,Inflationary Pressure,Pression inflationniste,G_neutral,I_plus,neutral,synchronized,0.07,,3.78,-0.0142,12.7946,False,1.1.0,full,"[""elevated market volatility"", ""European systemic stress elevated""]",-15.213,False
2022-12-01,4,Inflationary Pressure,Pression inflationniste,G_neutral,I_plus,neutral,synchronized,0.03,,4.1,-4.7753,9.1007,False,1.1.0,full,"[""dollar weakening (easing global financial conditions)"", ""elevated market volatility""]",-3.3526,False
2023-01-01,4,Inflationary Pressure,Pression inflationniste,G_neutral,I_plus,neutral,synchronized,-0.07,,4.33,-6.7713,-4.6353,False,1.1.0,full,"[""dollar weakening (easing global financial conditions)""]",-14.715,False
2023-02-01,4,Inflationary Pressure,Pression inflationniste,G_neutral,I_plus,neutral,divergent,0.0,,4.57,-1.7677,-14.9696,False,1.1.0,full,"[""elevated market volatility""]",-5.228,False
2023-03-01,4,Inflationary Pressure,Pression inflationniste,G_neutral,I_plus,neutral,divergent,0.0,,4.65,-1.701,-33.1087,False,1.1.0,full,"[""commodity demand destruction""]",6.5116,False
2023-04-01,4,Inflationary Pressure,Pression inflationniste,G_neutral,I_plus,neutral,divergent,0.0,,4.83,0.2056,-19.0667,False,1.1.0,full,[],2.5974,False
2023-05-01,4,Inflationary Pressure,Pression inflationniste,G_neutral,I_plus,neutral,divergent,0.03,,5.06,-0.3032,-33.4127,False,1.1.0,full,"[""commodity demand destruction""]",3.4965,False
2023-06-01,4,Inflationary Pressure,Pression inflationniste,G_neutral,I_plus,neutral,synchronized,0.07,,5.08,0.0003,-39.0107,False,1.1.0,full,"[""commodity demand destruction""]",18.0,True
2023-07-01,4,Inflationary Pressure,Pression inflationniste,G_neutral,I_plus,neutral,synchronized,0.1,,5.12,-1.1748,-28.4285,False,1.1.0,full,"[""commodity demand destruction""]",8.6906,False
2023-08-01,4,Inflationary Pressure,Pression inflationniste,G_neutral,I_plus,neutral,synchronized,0.13,,5.33,-0.6127,-14.2359,False,1.1.0,full,[],11.3122,False
2023-09-01,4,Inflationary Pressure,Pression inflationniste,G_neutral,I_plus,neutral,synchronized,0.2,,5.33,2.4691,4.4118,False,1.1.0,full,[],11.0127,False
2023-10-01,4,Inflationary Pressure,Pression inflationniste,G_neutral,I_plus,neutral,synchronized,0.33,,5.33,5.1028,-2.9251,False,1.1.0,full,"[""dollar strengthening (tighter global financial conditions)""]",3.5758,False
2023-11-01,4,Inflationary Pressure,Pression inflationniste,G_neutral,I_plus,neutral,synchronized,0.3,,5.33,0.0153,-9.2759,False,1.1.0,full,[],4.7847,False
2023-12-01,4,Inflationary Pressure,Pression inflationniste,G_neutral,I_plus,neutral,synchronized,0.23,,5.33,-3.178,-4.0657,False,1.1.0,full,"[""dollar weakening (easing global financial conditions)""]",0.3589,False
2024-01-01,4,Inflationary Pressure,Pression inflationniste,G_neutral,I_plus,neutral,synchronized,0.2,,5.33,-2.7482,-2.8848,False,1.1.0,full,[],-0.3645,False
2024-02-01,4,Inflationary Pressure,Pression inflationniste,G_neutral,I_plus,neutral,synchronized,0.27,,5.33,0.7809,1.0776,False,1.1.0,full,[],0.2347,False
2024-03-01,4,Inflationary Pressure,Pression inflationniste,G_neutral,I_plus,neutral,synchronized,0.3,,5.33,2.1941,8.8997,False,1.1.0,full,[],-6.8777,False
2024-04-01,4,Inflationary Pressure,Pression inflationniste,G_neutral,I_plus,neutral,synchronized,0.37,,5.33,2.1192,6.2618,False,1.1.0,full,[],-1.3809,False
2024-05-01,4,Inflationary Pressure,Pression inflationniste,G_neutral,I_plus,neutral,synchronized,0.37,,5.33,0.7556,8.3212,False,1.1.0,full,[],-1.7699,False
2024-06-01,4,Inflationary Pressure,Pression inflationniste,G_neutral,I_plus,neutral,synchronized,0.43,,5.33,2.6369,9.9011,False,1.1.0,full,[],-6.68,False
2024-07-01,5,Stagflation,Stagflation,G_minus,I_plus,neutral,synchronized,0.53,,5.33,0.5301,6.2913,False,1.1.0,full,[],0.1066,False
2024-08-01,5,Stagflation,Stagflation,G_minus,I_plus,neutral,synchronized,0.57,,5.33,0.1869,-6.7208,False,1.1.0,full,[],-5.5102,False
2024-09-01,4,Inflationary Pressure,Pression inflationniste,G_neutral,I_plus,neutral,synchronized,0.5,,5.13,-2.354,-21.0201,False,1.1.0,full,"[""commodity demand destruction""]",2.3945,False
2024-10-01,4,Inflationary Pressure,Pression inflationniste,G_neutral,I_plus,neutral,synchronized,0.43,,4.83,0.9394,-16.5232,False,1.1.0,full,"[""elevated market volatility""]",13.4524,False
2024-11-01,4,Inflationary Pressure,Pression inflationniste,G_neutral,I_plus,neutral,synchronized,0.43,,4.64,3.4773,-10.3569,False,1.1.0,full,"[""dollar strengthening (tighter global financial conditions)""]",0.2294,False
2024-12-01,4,Inflationary Pressure,Pression inflationniste,G_neutral,I_plus,neutral,synchronized,0.4,,4.48,6.5886,-4.8564,False,1.1.0,full,"[""dollar strengthening (tighter global financial conditions)""]",7.3897,False
2025-01-01,4,Inflationary Pressure,Pression inflationniste,G_neutral,I_plus,neutral,synchronized,0.37,,4.33,2.952,-1.0609,False,1.1.0,full,[],1.6548,False
2025-02-01,4,Inflationary Pressure,Pression inflationniste,G_neutral,I_plus,neutral,synchronized,0.27,,4.33,1.3436,-9.631,False,1.1.0,full,[],7.1429,False
2025-03-01,8,Transition / Mixed signals,Transition / Signaux mixtes,G_neutral,I_neutral,neutral,synchronized,0.27,,4.33,-1.988,-14.846,False,1.1.0,full,"[""elevated market volatility""]",4.9238,False
2025-04-01,8,Transition / Mixed signals,Transition / Signaux mixtes,G_neutral,I_neutral,neutral,synchronized,0.27,,4.33,-4.5848,-24.2495,False,1.1.0,full,"[""dollar weakening (easing global financial conditions)"", ""commodity demand destruction"", ""elevated market volatility""]",3.1505,False
2025-05-01,8,Transition / Mixed signals,Transition / Signaux mixtes,G_neutral,I_neutral,neutral,divergent,0.27,,4.33,-5.0772,-21.1621,False,1.1.0,full,"[""dollar weakening (easing global financial conditions)"", ""commodity demand destruction""]",3.0405,False
2025-06-01,8,Transition / Mixed signals,Transition / Signaux mixtes,G_neutral,I_neutral,neutral,divergent,0.17,,4.33,-5.7603,-13.1429,False,1.1.0,full,"[""dollar weakening (easing global financial conditions)""]",3.5256,False
2025-07-01,8,Transition / Mixed signals,Transition / Signaux mixtes,G_neutral,I_neutral,accommodating,synchronized,0.1,,4.33,-0.7106,-16.5708,False,1.1.0,full,[],-4.3663,False
2025-08-01,8,Transition / Mixed signals,Transition / Signaux mixtes,G_neutral,I_neutral,accommodating,synchronized,0.13,,4.33,-1.2805,-15.5426,False,1.1.0,full,[],-1.5119,False
2025-09-01,8,Transition / Mixed signals,Transition / Signaux mixtes,G_neutral,I_neutral,accommodating,synchronized,0.23,,4.22,0.6097,-8.1464,False,1.1.0,full,[],5.4566,False
2025-10-01,8,Transition / Mixed signals,Transition / Signaux mixtes,G_neutral,I_neutral,accommodating,synchronized,0.23,,4.09,-0.2753,-14.6635,False,1.1.0,full,[],-4.0212,False
2025-11-01,8,Transition / Mixed signals,Transition / Signaux mixtes,G_neutral,I_neutral,accommodating,synchronized,0.43,,3.88,0.7025,-14.1896,False,1.1.0,full,[],2.5172,False
2025-12-01,8,Transition / Mixed signals,Transition / Signaux mixtes,G_neutral,I_neutral,accommodating,synchronized,0.35,,3.72,-0.3256,-15.3263,False,1.1.0,full,[],-1.2209,False
2026-01-01,8,Transition / Mixed signals,Transition / Signaux mixtes,G_neutral,I_neutral,accommodating,synchronized,0.3,,3.64,-2.8721,-15.9833,False,1.1.0,full,[],-3.6047,False
2026-02-01,8,Transition / Mixed signals,Transition / Signaux mixtes,G_neutral,I_neutral,accommodating,synchronized,0.27,,3.64,-2.6686,-6.0313,False,1.1.0,full,[],-2.3333,False
2026-03-01,8,Transition / Mixed signals,Transition / Signaux mixtes,G_neutral,I_neutral,neutral,synchronized,0.2,,3.64,1.0768,41.7984,True,1.1.0,full,"[""commodity supply/demand shock"", ""elevated market volatility""]",-5.8101,False
2026-04-01,8,Transition / Mixed signals,Transition / Signaux mixtes,G_neutral,I_neutral,neutral,synchronized,0.13,,3.64,0.6543,72.1562,True,1.1.0,full,"[""commodity supply/demand shock""]",-4.5249,False
2026-05-01,8,Transition / Mixed signals,Transition / Signaux mixtes,G_neutral,I_neutral,neutral,synchronized,0.1,,3.63,0.8963,66.2374,True,1.1.0,full,"[""commodity supply/demand shock""]",-8.9617,False
2026-06-01,8,Transition / Mixed signals,Transition / Signaux mixtes,G_neutral,I_neutral,neutral,synchronized,0.07,,3.63,-0.091,19.5409,False,1.1.0,full,[],-7.3271,False
2026-07-01,8,Transition / Mixed signals,Transition / Signaux mixtes,G_neutral,I_neutral,accommodating,synchronized,0.07,,3.63,1.5678,19.5409,False,1.1.0,full,[],-6.441,False
